x0,x1,y,x2,split
0.3770438287911187,0.5870232483994983,0.0,1,train
-1.2228652040045362,1.514123939209271,1.0,-1,train
-0.0362824004557089,-1.56213553385771,0.0,1,train
-1.217458582675224,0.1513724911260889,1.0,-1,train
0.0721882682394469,0.5032391518564169,0.0,1,train
-0.6031492719208444,1.0668778424355754,1.0,-1,train
-0.6669467111747204,-1.929020186290167,0.0,1,train
1.6680035658445638,0.210830854854722,0.0,1,train
-3.35762417283752,-0.8992562682980698,1.0,1,train
1.439053441815494,-1.670215318139587,1.0,-1,train
0.3272825297815487,-1.0433348119830947,1.0,-1,train
-1.298398291242698,1.1172861064020478,1.0,-1,train
-1.3260692443316378,1.8625199065735685,1.0,-1,train
0.8565946957375057,1.5711579153937707,0.0,1,train
0.339081226237261,0.3832895039192332,0.0,1,train
0.299541820817517,-0.8858771565189948,1.0,-1,train
0.8901713540954939,-0.2623677090719195,1.0,-1,train
-0.3920954066448906,0.2803422768146759,1.0,-1,train
-0.5744996801747143,-1.2873306140434837,1.0,1,train
0.471203628105222,-1.6972110083537475,1.0,-1,train
0.3537309619257453,0.397344558856788,0.0,1,train
-0.9521665071393868,1.0126847674997776,1.0,-1,train
0.5236067919436418,0.706838042416877,0.0,1,train
0.1626099960507817,-0.8562559731175983,1.0,-1,train
0.5318291209233093,-0.2481644113584322,1.0,-1,train
0.3026518356029621,-1.3197892885798377,1.0,-1,train
-0.0896172474008643,-0.6850451054595507,0.0,1,train
0.1905067589530107,0.8516474808864357,0.0,1,train
-2.782464007587131,-0.1170085679085814,0.0,1,train
0.0830278675437222,0.37693522382926,0.0,1,train
-0.1262038243946979,-0.2376015733397477,0.0,1,train
0.3141549548211324,1.2936012933797816,0.0,1,train
0.2717874909741021,-1.1931382938962,1.0,-1,train
1.8863304548201527,0.0475264443040516,0.0,1,train
-0.3029744261145169,-0.9075398684915206,0.0,1,train
0.8810782794415735,-0.44628010491319,1.0,-1,train
1.6636797140954518,0.1347814642710477,0.0,1,train
1.317857749142629,-1.4063583378414224,1.0,-1,train
-0.5298871792300482,-0.2850018943023585,0.0,1,train
1.1044179896549933,-2.8744934507073365,1.0,-1,train
-2.084283720456457,1.5360332577872924,1.0,-1,train
0.5209703103886674,-0.9105308735569778,1.0,-1,train
-0.4537430038305327,-1.0531379741281426,0.0,1,train
-0.1419288941837941,0.0328894873111183,1.0,-1,train
0.2620628597572074,-0.3231291821924604,1.0,-1,train
1.275393895168583,-1.54784994357647,0.0,-1,train
-0.1156542756614858,1.1931612455241576,1.0,-1,train
-2.190861607312824,2.1582109566730847,1.0,-1,train
0.4834876829344318,1.2037311214272044,0.0,1,train
-0.0175965173870889,-0.6543388950814415,0.0,1,train
0.8845044813012464,1.1512442082740313,0.0,1,train
-0.8061796345851092,-0.482592085103066,0.0,1,train
0.5966067668379721,-0.4326358998472376,1.0,-1,train
0.6174127123531712,-0.8056810502784112,1.0,-1,train
0.28330807306049,-1.281750035600074,1.0,-1,train
1.9980452948434853,-0.7834825841507739,1.0,-1,train
-0.7740317489604086,-0.0628671134648207,0.0,1,train
-0.7384794321564137,-0.1263774454972362,0.0,1,train
1.1480183527274932,0.5440711356408995,0.0,1,train
0.5586635569642407,0.7430055993123503,0.0,1,train
-0.6659778847963971,0.8664549770212762,1.0,-1,train
-0.849297225373011,0.305532933579118,1.0,-1,train
-1.3308567315955837,-0.6158383165941829,0.0,1,train
0.7084665763583439,-1.7423836125679428,1.0,-1,train
-0.7558969261330671,-1.138158578228885,0.0,1,train
0.6508786647027541,-0.90832414800977,1.0,-1,train
-0.5227353715503126,0.2270241112421123,0.0,-1,train
-0.1063380357031022,-1.0723957680013734,0.0,1,train
-0.4216805580914858,0.4046490628309153,1.0,-1,train
-1.02853944555692,1.2193197243523504,1.0,-1,train
-1.3188818637166178,0.8693956688020074,1.0,-1,train
-0.4267102861671481,0.7890802651317833,1.0,-1,train
-0.7485515429944558,-1.1089014996142237,0.0,1,train
1.5328777830201072,0.0847544005496946,0.0,1,train
0.4196260110960092,0.0679023308575751,0.0,1,train
0.4920438592782027,-1.53774773323375,1.0,-1,train
-0.514015195790061,-1.750946711413566,0.0,1,train
-0.2041302862528523,-0.2228507532365156,0.0,1,train
0.8546475553962707,1.3559337185480267,0.0,1,train
0.5551798456158479,2.1017652324950618,0.0,1,train
-0.1448272149727337,0.6070603107096961,1.0,-1,train
-0.1793595451375652,0.9029895858540602,1.0,-1,train
0.461879970733405,-0.7033358062485999,1.0,-1,train
0.7995151644812036,-0.4645495599777235,1.0,-1,train
0.6924393518716394,1.2694419800440755,0.0,1,train
0.1589035859380885,0.8927904121809179,0.0,1,train
-0.0221038908559819,2.521068921895944,1.0,-1,train
-0.5020363903465287,-0.0159344589704934,0.0,1,train
-0.2844744397604553,1.1920462582586029,1.0,-1,train
-0.4217039421061979,-2.0933426726139297,0.0,1,train
-1.3633977989941908,1.1264750673252564,1.0,-1,train
0.0586615673374656,1.7985216035356646,0.0,1,train
-0.6634194362401843,0.1961909911632084,1.0,-1,train
0.7009265526435673,-1.5089445924560971,1.0,-1,train
-2.9077730875142747,-1.0993340021843567,0.0,1,train
1.2413516956909296,-0.0865671729039422,1.0,-1,train
0.944927611502214,-1.311625295786664,1.0,-1,train
-1.8137177742402628,-0.7202916130080272,0.0,1,train
-1.1161143819066897,-0.900122791619856,0.0,1,train
-1.341720816624982,1.472201928778529,1.0,-1,train
2.2383568411103685,-0.1066192044450577,1.0,-1,train
-0.3514681303889158,0.4127485719480698,1.0,-1,train
-0.1404006508428646,1.0266801442105995,1.0,-1,train
1.4332566403196572,-2.250247074418402,1.0,-1,train
-0.7673368530042008,0.4879676780720897,1.0,-1,train
0.1915013787182111,-0.7998568260853728,1.0,-1,train
1.1435292977064686,-1.707517433731318,1.0,-1,train
-0.170015587834121,0.251097440896383,1.0,-1,train
0.8917225636892242,-0.472330734168537,1.0,-1,train
1.2599889552672336,-0.0430585645101555,0.0,-1,train
-2.8343567884938285,1.1554220638202026,1.0,-1,train
1.2627819785435932,0.5870878965316262,0.0,1,train
0.3050005700555652,-0.7115838260003434,1.0,-1,train
0.1447612147025284,0.8067218033591423,0.0,1,train
-1.1804285533014622,-0.0460883213433588,1.0,1,train
2.244493859029837,0.5520355471552663,0.0,1,train
1.141840790410125,-0.3024111166005401,1.0,-1,train
-0.4935227565711096,0.0207883440599944,1.0,-1,train
-0.9552086193987922,-1.5545085541340125,0.0,1,train
0.0679711472094179,-1.3595646457283244,1.0,-1,train
0.2861124233601889,-1.7197721331654383,0.0,-1,train
-0.2053238989325152,0.589869057388543,1.0,-1,train
1.2856113318446725,-0.3410516035014408,0.0,-1,train
-0.931399534212986,0.7505556842349566,1.0,-1,train
-0.187134556618735,-0.0300922498698775,0.0,1,train
-0.028051694137928,-0.8752451051989473,0.0,1,train
-1.0987281501977877,-1.5452366831423303,0.0,1,train
1.4116373558708704,-0.955631384887494,1.0,-1,train
-0.950335022249624,-0.4026809899854858,0.0,1,train
-1.6773906413195443,-0.0173022530722346,0.0,1,train
0.1191776447319173,-0.9590197561596516,0.0,-1,train
0.0281161085858706,0.2824788507458549,0.0,1,train
-0.7518186917734565,-0.3024266634919276,0.0,1,train
0.5838875828011159,-0.4120930039891163,1.0,-1,train
-0.1207565204812908,1.583005381045439,1.0,-1,train
-0.5191090205198727,0.7143438473852599,1.0,-1,train
-1.5046162834915795,0.8317202811311275,1.0,-1,train
-0.3557791660737103,2.998959164788133,1.0,-1,train
0.3515962090803749,-0.7180001519234294,1.0,-1,train
0.3856555044443107,0.2365177918453308,0.0,1,train
1.4550793807876652,-0.916048586561024,1.0,-1,train
-1.403862781226778,-0.6574830528366468,0.0,1,train
0.9418738564406848,1.1230064392794268,0.0,1,train
0.2651230551370502,-0.4958614280789524,1.0,-1,train
-1.6681246833339956,-0.2771955278599533,0.0,1,train
-0.921207359831635,-0.9972000948362018,0.0,1,train
-0.6816753039933681,-0.2578946867597693,0.0,1,train
-1.344212804927953,-0.3598796297565761,0.0,1,train
0.6677453651515851,0.295736613182777,0.0,1,train
-0.4009086379141729,-0.4356838370727375,0.0,1,train
-1.0244405679200796,2.433185023726545,1.0,-1,train
-0.90232049237082,0.3951285820959214,1.0,-1,train
-0.261118213192944,0.0653241650886598,1.0,-1,train
1.485698853175832,-1.1390285457541096,1.0,-1,train
-0.4117466436992908,1.2562794622258129,1.0,-1,train
-0.3682469963070414,0.000406248289513,1.0,-1,train
-0.816954219710977,-0.4213126407388713,0.0,1,train
2.101893123743769,-1.2046474593482324,1.0,-1,train
-1.82005644854368,0.9509949572323244,1.0,-1,train
0.666135542337234,-0.241402373400745,1.0,-1,train
-0.1751330570331971,0.6570854123040374,1.0,-1,train
0.5964992473853273,-0.6715776126228062,1.0,-1,train
-0.0815056725840747,0.3937874694391417,1.0,-1,train
0.1636944421342153,0.1834409556202817,0.0,1,train
0.8991608925144426,1.3221313241770067,1.0,1,train
-1.7518094155188917,1.666563905760657,1.0,-1,train
0.4483165609933418,-0.0010826491312656,1.0,-1,train
-0.8637906737706725,-0.2116578050802429,0.0,1,train
0.9896808516519574,0.0167087882773172,0.0,1,train
-0.5563812240967291,-1.1170232377756086,0.0,1,train
1.119396709968425,-0.1331290856285331,1.0,-1,train
-2.072997497206813,0.4402919845997958,1.0,-1,train
-2.138215918511212,-0.9328589743362856,1.0,1,train
-0.9912208718036069,0.7184563351301761,1.0,-1,train
0.8196596559527828,-0.6460987438350265,1.0,-1,train
0.8376957458717651,-0.4208462746769773,1.0,-1,train
0.0948648975225777,1.3464596838455758,0.0,1,train
-0.6917394888341222,-0.4752771865355765,0.0,1,train
1.0442139410344204,0.4810363701496948,0.0,1,train
0.8216766049177208,-1.0783317045233445,1.0,-1,train
1.49332265267973,-0.6894711093071006,1.0,-1,train
0.3249208765787512,-1.0781048255369947,1.0,-1,train
0.0790684328996949,-1.5075473658935443,1.0,-1,train
-1.0517827921375098,-0.0057425925641357,0.0,1,train
0.86088667697866,-0.278179350843164,1.0,-1,train
1.3381835661599284,0.0314053920310863,0.0,1,train
0.948182501201377,0.3175175586256533,0.0,1,train
-0.4528281035971735,0.0548018054005257,1.0,-1,train
0.7764593753829944,0.0867764924172524,0.0,1,train
-0.0177736262669174,-0.6083641559052616,0.0,1,train
1.143953022020119,-0.5234315612274425,1.0,-1,train
0.8065949233716962,0.5542497562186878,0.0,1,train
0.7434656649397372,-0.2219944347433223,1.0,-1,train
0.3279912286053451,-0.841411899492921,1.0,-1,train
-0.7553297875615568,-0.7654598870271739,0.0,1,train
2.3964869508622155,1.2802792478009366,0.0,1,train
-1.4655325350777428,0.2514546612160388,1.0,-1,train
-0.8689980369925634,-1.7853707930926648,0.0,1,train
0.3649091268597995,1.1294794618202213,0.0,1,train
0.0797079003707602,0.775149780091741,0.0,1,train
-0.3074330339790934,0.7439682649108338,1.0,-1,train
0.1009288046334595,-0.6747399899478065,1.0,-1,train
-0.8075671688722298,1.1646777269777575,1.0,-1,train
-1.2361041193758364,1.604512921969233,1.0,-1,train
-0.4002646702694376,0.5693155282864246,1.0,-1,train
-2.371764866759458,0.4535454115587213,1.0,-1,train
0.5686410442319332,0.4035069901228911,0.0,1,train
-0.7503211269018005,0.7379595781849261,1.0,-1,train
0.0083987461177916,0.8283117736398131,0.0,1,train
-0.2412752180268614,-0.9850674262294132,0.0,1,train
1.0826989797752211,0.8958164548547302,0.0,1,train
-0.2821843871902997,-2.067188704981369,0.0,1,train
-0.7279504297165754,-0.1436976147386043,0.0,1,train
-0.0689990012615556,0.2055371585903893,1.0,-1,train
0.0051367763918183,1.1989865935611224,0.0,1,train
-0.6025655604102071,-0.3779300061628909,0.0,1,train
-1.110426379012312,-0.7129539627016083,0.0,1,train
1.1147420862843804,-1.112053458611719,1.0,-1,train
0.2745111078864378,0.8090894212013676,0.0,1,train
1.6240006352169625,1.5319425726125695,0.0,1,train
0.5381097649125192,0.2442867693567916,0.0,1,train
-0.5796037470066381,0.1249396127348714,1.0,-1,train
-0.63523847323344,-0.6700520102336487,0.0,1,train
-2.161802006776495,1.8330253413646815,1.0,-1,train
-0.5568855244331329,0.7515725514994436,1.0,-1,train
-0.342785607807698,2.5530980833462764,1.0,-1,train
0.3292222244610584,1.0642744378960889,0.0,1,train
0.5355502314107065,0.9204141475450028,0.0,1,train
0.6179610167370736,0.2158909421576711,0.0,1,train
1.554687186835795,0.9118244522632104,0.0,1,train
-0.351625319279489,1.578806618329329,1.0,-1,train
1.795469107968024,-0.7442858160477555,1.0,-1,train
1.4526523252440715,-1.044118518353849,1.0,-1,train
-0.3691832872422103,-0.596371805083942,0.0,1,train
0.1697157893268759,-0.654367557339883,1.0,-1,train
1.2839258379975298,1.161535190803264,1.0,1,train
0.1805874311216665,-0.8259932960085551,1.0,-1,train
0.4242185284927949,-1.4062019079532366,1.0,-1,train
0.1150252348652549,0.1789420630797591,0.0,1,train
-1.0253411707163111,1.117110326112411,1.0,-1,train
-0.617241071627886,0.554364503289906,1.0,-1,train
-0.4121678912349731,-0.0233802893350266,0.0,1,train
0.8887509188336574,0.0960442789280808,0.0,1,train
0.1039711747152027,0.6317280647877563,0.0,1,train
0.7721516212246093,0.0526773936959786,1.0,1,train
1.203354147745361,1.4577547656147576,0.0,1,train
0.6138205071341164,1.6284091870556667,0.0,1,train
1.199998362969779,-0.9138485716225556,1.0,-1,train
0.0041980864302142,0.406289555302125,0.0,1,train
0.1867583534741071,-2.025464968998337,1.0,-1,train
-0.5809151938268727,0.0401458809238596,1.0,-1,train
-1.5664097448899854,-0.3494660590132551,0.0,1,train
1.5991171797539767,-0.0927359966781358,1.0,-1,train
1.4719001945649568,0.5915156653601593,0.0,1,train
-1.5989390577104383,2.068655115532913,1.0,-1,train
-2.782572616631346,0.6581733215579909,1.0,-1,train
-0.4561430871436827,2.023393041417437,1.0,-1,train
-0.377245855855381,0.0048883322244226,1.0,-1,train
1.7432446730667637,-0.0751908674721381,1.0,-1,train
-1.7075455484067623,1.42406842034874,1.0,-1,train
1.715728952419622,-0.8263401817157474,1.0,-1,train
-1.0094794389132864,0.2556146943189107,1.0,-1,train
-0.8058676001263502,-1.0272774404689775,0.0,1,train
-0.309021460031455,-0.4490320748234606,0.0,1,train
-0.2917024743326714,-0.8501128671210871,0.0,1,train
-1.0532867870170313,-0.8599336086073903,0.0,1,train
0.8929651568078246,1.922294258472184,1.0,1,train
-0.0375793116920125,-0.057251171285665,0.0,1,train
-0.9406610795562012,0.0213621335627805,1.0,-1,train
-0.181680601730685,1.690617503470447,1.0,-1,train
0.0865335571989951,1.1075708151511008,0.0,1,train
-0.5750167002688888,0.1663391176437469,1.0,-1,train
-0.9648082631356802,0.0395202578155341,1.0,-1,train
0.0410498822073635,0.0125176933953983,0.0,1,train
-1.018516518097394,1.600334275334011,1.0,-1,train
0.7654249470598166,2.0843190355969683,0.0,1,train
-0.8527186893279796,0.3282532354574884,1.0,-1,train
1.2632609052821069,0.1854116309121873,0.0,1,train
-0.0282281522561631,-0.8085581158541659,0.0,1,train
0.2465047034444702,-0.0040920082694811,0.0,-1,train
0.116758572648458,-1.9766338796839056,1.0,-1,train
1.3613859890697235,-0.7646803809100088,1.0,-1,train
-0.4720800574932003,-0.5123230123714401,0.0,1,train
-0.6882916606875001,1.4933197152127746,1.0,-1,train
1.025129077957401,-0.1834028893814677,1.0,-1,train
1.7936953127288904,-0.1911605692461482,1.0,-1,train
-0.809117182601313,0.4553494806356338,1.0,-1,train
1.1173749947980518,0.1721321077311264,0.0,1,train
0.8356229048174845,-0.131704193996873,1.0,-1,train
-0.4590186012685543,1.3711765770676525,1.0,-1,train
-0.817509853971225,0.1302355291031058,1.0,-1,train
-1.1644112371866315,0.4936851907588934,1.0,-1,train
-0.0042694335998299,-1.081140731520687,0.0,1,train
1.0547073176331792,1.5410842379213556,0.0,1,train
-0.6742294014873834,-1.587205070220376,0.0,1,train
-0.3820900060927374,1.1627573657603376,1.0,-1,train
-1.3439507782773896,-2.4832362758618247,0.0,1,train
0.2661923733959751,-1.2258356195376408,1.0,-1,train
-0.2623115288217481,0.1323491661803462,1.0,-1,train
0.5747726404829159,-0.1839093938973542,1.0,-1,train
-0.443061007772003,1.711449614109102,1.0,-1,train
0.0802757899698135,0.6682987836229608,0.0,1,train
-0.5018685962104792,-0.9304413610154346,0.0,1,train
0.6017519063786592,-0.1112821075766112,0.0,-1,train
0.6429608799443699,1.415278516411094,0.0,1,train
0.1909073242842291,0.274209748696575,0.0,1,train
0.8540432994292212,0.3352843613335627,0.0,1,train
1.5277980443181152,1.6322779423220384,0.0,1,train
-1.771723844149967,1.0407100166779772,0.0,-1,train
-1.5025314621770465,0.0299854861171212,1.0,-1,train
0.0484562972203956,-0.6967563395277386,1.0,-1,train
-2.428342966190678,0.446746778861472,1.0,-1,train
-0.0475023733145037,-0.1735446041128467,0.0,1,train
-1.803913614567937,-0.9811553255395274,0.0,1,train
0.2190904348911318,-1.7541317797599465,1.0,-1,train
-2.5191371144881503,-0.0905224377316588,0.0,1,train
-0.3195480742130346,0.3035014121145062,1.0,-1,train
0.0693402036970406,1.0580043967313155,0.0,1,train
-1.387023099401924,0.1939887848553963,1.0,-1,train
0.9063976122928644,0.6971501037823782,0.0,1,train
0.4049073101346118,-0.7359886121659966,1.0,-1,train
-0.9315425238480444,1.5807680337440717,1.0,-1,train
0.4981076001382805,1.3921220157611982,0.0,1,train
-0.1960477926041609,-0.7619755954340007,1.0,1,train
0.1652818137631398,0.681129885944552,0.0,1,train
0.3841527215373477,-1.382679167999329,1.0,-1,train
-1.4898333631705207,0.9339562580753644,1.0,-1,train
0.4385521287856153,0.4864054152495429,0.0,1,train
-1.3417078316250617,-0.0701808702567221,0.0,1,train
0.7281690652283365,0.259384238134119,0.0,1,train
-0.4924644464740634,0.823876283206316,1.0,-1,train
0.9382855975529972,-1.2606246209469143,0.0,-1,train
-0.6991442689618009,2.209960408230368,1.0,-1,train
-1.172116017041572,0.1763512371083584,1.0,-1,train
-0.9844220712602,1.2682484046614262,1.0,-1,train
0.3278619094561153,1.0693765848932044,0.0,1,train
0.1393245973699542,0.5494763451736818,0.0,1,train
2.132470669913021,0.6870359720356622,0.0,1,train
0.2781404168612452,-0.5318325755573098,1.0,-1,train
-1.798820082288045,-0.5195018877166308,0.0,1,train
-0.5206855743925193,-0.93306465010554,0.0,1,train
1.0558997615366332,0.494000287911376,0.0,1,train
1.1191283460184722,0.573169168641879,0.0,1,train
-0.6754707867842809,1.083633927936285,1.0,-1,train
0.1509879524434868,-0.1325346269316903,1.0,-1,train
0.901750966448015,-0.4378110989494284,1.0,-1,train
-0.6856252453755496,0.3181766568764208,1.0,-1,train
-0.4268691951142177,0.2501033132465425,1.0,-1,train
-1.0219256211597048,1.5715944308478915,1.0,-1,train
0.4339494850333986,0.9020812572240252,0.0,1,train
0.6755871596088409,-0.4076529453902972,1.0,-1,train
-0.5321452424195732,-0.9316119495869531,0.0,1,train
0.017916264042124,-1.2549825173162918,1.0,-1,train
-0.2690184525499088,-0.564320558317663,0.0,1,train
-1.6082922309525098,1.028260944888009,1.0,-1,train
0.6051925714611632,-0.5439361967837164,1.0,-1,train
-0.4992453903105621,-0.7907262761364273,0.0,1,train
-0.107675478346583,0.1254850154994045,1.0,-1,train
-0.2142452558794016,0.7699299536894201,1.0,-1,train
-1.4145215015999284,-0.6254073971865753,0.0,1,train
-0.9243348727175004,-3.33925093196073,1.0,1,train
0.9637256806932984,-0.4500355681414819,1.0,-1,train
1.472490036338985,1.322767620423044,0.0,1,train
1.4114958561052633,1.1394643159429638,0.0,1,train
1.268244121716515,-1.965315607936652,1.0,-1,train
0.377525367941561,0.2299703074896597,0.0,1,train
0.5650363313975172,0.6759668735753046,0.0,1,train
-0.7528367928521198,-1.4083701792742764,0.0,1,train
-1.0412225161946085,0.0634090736223865,1.0,-1,train
1.5565552441418342,-0.8882498558738637,1.0,-1,train
0.1036893040997542,0.7801269267791017,0.0,1,train
1.5020699001833266,1.7213889483199258,0.0,1,train
0.8531674063700949,-0.3932631816045067,1.0,-1,train
-2.331840288447898,-0.7941198362425426,1.0,1,train
-0.2858704893236451,-0.6123002643249487,0.0,1,train
0.3192450328095129,2.168994754430202,1.0,1,train
0.0011939621781828,0.7559787327510857,0.0,1,train
-0.1969560864990347,-0.8817769601982527,0.0,1,train
-0.0606591339870139,0.0415651840076858,1.0,-1,train
-0.4685328895135864,-0.1839360587329414,0.0,1,train
-1.349416959150099,0.3469079880995505,1.0,-1,train
-0.1587489495861431,-1.5715592296514271,0.0,1,train
2.302822459580092,0.2153420533794376,0.0,1,train
-1.2237998905126726,-2.05845581562664,0.0,1,train
-0.293869536172567,0.5676389422135732,1.0,-1,train
1.280115203533983,0.2280733595094377,0.0,1,train
-0.1931150189953669,-1.3156342125615088,0.0,1,train
-2.031788750748107,0.7764654180503053,1.0,-1,train
-0.3990192838226914,-0.037647527809712,0.0,1,train
1.0634426753415926,0.4269680584312433,0.0,1,train
0.9469974959465772,0.2596893461038061,0.0,1,train
0.6190461525451586,-0.3490295836364203,1.0,-1,train
0.2593273124214329,0.7193592529349179,0.0,1,train
-0.4788415303483988,0.8876641051648191,1.0,-1,train
-1.6506005968446404,0.8354497997684424,1.0,-1,train
0.903503137390121,-1.010562886101789,1.0,-1,train
-2.349483403084212,0.8852878473925743,1.0,-1,train
0.4725525583527277,0.8717707662151971,0.0,1,train
-0.492329749458558,2.0392733690807643,1.0,-1,train
-0.3526813907889877,0.7600218309166383,1.0,-1,train
-0.2244197848848754,0.3019387318815731,1.0,-1,train
0.1626081997521998,-2.3871828730157225,0.0,-1,train
-0.6675995622278745,0.0359925874282098,0.0,-1,train
0.4990939011450121,1.348093635068664,0.0,1,train
-0.3042743037551377,0.7322185203395625,1.0,-1,train
-0.4836311870872135,-0.1765914654860781,0.0,1,train
-0.6605461421070972,-1.95838146552504,0.0,1,train
0.6136556914478489,-0.2595379966042119,1.0,-1,train
-0.3004812685938022,-0.1162220133897434,0.0,1,train
-0.3205019673795659,0.0458796639328541,1.0,-1,train
-0.9672388040290212,-0.9336646298439824,0.0,1,train
-0.232930320308627,-1.5897239315572236,0.0,1,train
0.5793851112298443,-0.1875309442192221,1.0,-1,train
0.2228730210666945,1.2166636292774162,0.0,1,train
0.7830322016987646,0.8923622217580659,0.0,1,train
-0.7306198390549883,-0.3901396133948672,0.0,1,train
-1.0455857617691782,-0.1593574835391269,0.0,1,train
-1.9984766325503025,0.4941833156479027,1.0,-1,train
-0.017171477573235,-1.107106518690666,0.0,1,train
0.0157573799661733,-0.0814687202223915,1.0,-1,train
0.0784955769899639,-1.2944707507608468,1.0,-1,train
-0.8204489344221914,-1.127877804872469,0.0,1,train
0.1089912366121899,0.5077022025970646,0.0,1,train
1.9996121589498808,-0.2061459296843058,1.0,-1,train
-0.032106203347562,0.4558921205332034,1.0,-1,train
-0.5181469476748637,-1.2171219124820123,0.0,1,train
0.5854306897176776,-1.063959043799499,1.0,-1,train
-2.9970528534609966,-0.2650643031307902,0.0,1,train
2.576129221610933,2.372599460941597,0.0,1,train
0.9236674503163548,-1.528032911107306,1.0,-1,train
-0.4384931143396268,0.0677289896642394,1.0,-1,train
1.5865430835375818,-1.189260482574398,1.0,-1,train
0.0502500162786139,-1.697481980908513,1.0,-1,train
0.2361056062045801,-0.8202528374709982,1.0,-1,train
-1.1138939184512016,-0.4370552353375356,0.0,1,train
1.2885853308595332,1.2349050151845953,0.0,1,train
0.2665667747110219,2.050081747574495,0.0,1,train
-0.137965220351632,-1.639348220845745,0.0,1,train
0.9753979199035694,0.0253719268731285,0.0,1,train
-0.3063154841212911,-1.707697024391565,0.0,1,train
0.848926871045922,-0.1044431235526751,1.0,-1,train
-0.4727630351224876,0.6621538342507083,1.0,-1,train
0.3457230226856643,0.7236154684185494,0.0,1,train
-0.2088649569568209,0.3272982151239696,1.0,-1,train
0.4490667205602958,-0.9615732746634372,1.0,-1,train
-1.0111376245933574,0.2483007728303478,1.0,-1,train
-2.594357633967275,-0.2483515762089201,0.0,1,train
-0.7466370368761807,-1.106023136008034,0.0,1,train
-0.8909122661721497,0.3848106708792372,1.0,-1,train
1.0876620342147665,0.7581394520531723,0.0,1,train
0.1405572494693323,2.6100952523340326,0.0,1,train
0.1894919626801116,0.6945230559484741,0.0,1,train
0.4064435070245542,-0.5938919290667053,1.0,-1,train
-0.1454331882744334,-0.7055836404486379,0.0,1,train
-0.2447487971683123,0.4210266491253351,1.0,-1,train
0.3913129158910184,0.7931067844011206,0.0,1,train
-1.6360647333358391,-0.8794063216838981,0.0,1,train
0.5526156668890924,0.1393762570093061,0.0,1,train
0.9038567702297912,-0.3656361596404832,1.0,-1,train
0.5200128622313248,1.2670884959101434,0.0,1,train
-0.0631705205907839,0.3326196879717062,1.0,-1,train
-0.466004677440687,-0.8147494145319152,0.0,1,train
0.1526973267414451,-0.1069858221379309,1.0,-1,train
2.757085713700111,-1.776632005305696,1.0,-1,train
1.3062483700190954,0.7552026211838623,0.0,1,train
-1.1874165677097883,0.3718230744285113,1.0,-1,train
-0.6495035806015989,0.2851703203375875,1.0,-1,train
-1.4543145001107116,-0.6427067647608332,0.0,1,train
2.217277532240821,1.074344570548872,0.0,1,train
-0.2042127469115389,-0.1695626732276614,0.0,1,train
2.447787088303313,0.0928109401590012,0.0,1,train
0.5218872052111491,-1.0433829649972874,1.0,-1,train
-0.3843563756764971,0.2159959738890415,1.0,-1,train
-0.3177201010984904,-0.381197124260739,1.0,1,train
0.4339304641904164,-0.8890373553592402,1.0,-1,train
-0.96776348995011,-0.5861967176476364,0.0,1,train
0.7906319206338001,0.0732879245981207,0.0,1,train
1.9878778254001837,0.910135090617643,0.0,1,train
-0.0306535745522392,-0.5150632373565127,0.0,1,train
-1.2800858922673828,0.7305477616583614,1.0,-1,train
0.578138869862179,-2.388710147685035,1.0,-1,train
-1.0807810012804295,-0.3811380268967642,0.0,1,train
-0.6140943796939156,0.7625751334261185,1.0,-1,train
0.6738209102959823,-0.1148166103820233,1.0,-1,train
1.3115645307946668,-0.4024913080526684,1.0,-1,train
0.7461925425089538,0.1919570367835022,0.0,1,train
-0.1263634623087108,0.1026686219342571,1.0,-1,train
-1.529974549798829,-1.6153311227922635,0.0,1,train
0.1474638497210846,-0.5755701524080362,1.0,-1,train
-1.3210185716299203,0.0617135977378782,1.0,-1,train
0.8150231322189704,-0.417749206305942,1.0,-1,train
0.2551506596519586,0.3195502346236948,0.0,1,train
0.0424859975250697,0.4508341104254924,0.0,1,train
0.4074520793562651,-0.6242315047011266,1.0,-1,train
-0.4493268331650721,0.2501185457860458,1.0,-1,train
-0.7963306891627432,1.7957407568103518,1.0,-1,train
0.2796993261285243,-0.5724853095396517,1.0,-1,train
0.6483129700226982,-1.9741229584054745,1.0,-1,train
0.672982848332693,-0.4493029704082064,1.0,-1,train
0.8674269213904088,0.2532605121109133,0.0,1,train
0.0264369114636204,-0.7766301150969742,1.0,-1,test
-0.8426270286510814,-0.8568299453820581,0.0,1,test
1.4473938873147991,0.7761053820742126,0.0,1,test
1.3283001875273126,-1.4391699120192376,0.0,-1,test
0.1572832398320895,0.9008624977291154,0.0,1,test
0.3348794814247832,1.248632154388314,0.0,1,test
0.2888947288981574,0.227736922017773,0.0,1,test
-2.0225057725627864,2.5967581245749423,1.0,-1,test
-1.5967561040977856,-0.1325466902780117,0.0,1,test
1.257879565374598,0.0112406077782858,0.0,1,test
0.3376777225108776,-0.0184606724886683,1.0,-1,test
-0.640448671090185,-0.22654420572849,0.0,1,test
1.1942876769997377,0.5610893405575674,0.0,1,test
1.3167331244069975,1.3529467691895438,0.0,1,test
1.0298220021323528,-0.3861457570353236,1.0,-1,test
1.8003088792017583,-1.5175694683862049,1.0,-1,test
-0.7959193545837187,0.01281332996592,0.0,-1,test
-1.2914904275729429,-0.5397615881792499,0.0,1,test
0.3330197900152417,0.0170744155325337,0.0,1,test
0.5730824246750988,0.5159795003305937,0.0,1,test
-1.9184912081386336,0.0695794983707179,1.0,-1,test
-1.2362507155078686,1.2142860534968762,1.0,-1,test
-0.4310816470590616,1.0181488961063003,1.0,-1,test
0.3202496307520381,0.0988123894345698,0.0,1,test
-0.24232956341779,-0.0083810519818412,0.0,1,test
0.5242184240165314,-1.0359668927438257,1.0,-1,test
0.3673390234807958,-0.5620630498502592,1.0,-1,test
0.6655872283980464,1.8583630150812505,0.0,1,test
1.1485358210270955,1.8498258170355777,0.0,1,test
0.7257160221840104,1.364129960398477,0.0,1,test
0.8004823718526509,0.3820371052091468,0.0,1,test
0.3403971029068471,1.031947490662312,0.0,1,test
-0.0776211019053161,-0.4694255875058931,0.0,1,test
0.1298666327573897,0.2422548588888074,1.0,1,test
0.6864271456876765,1.650540000768216,1.0,1,test
0.1331562380641416,1.316116172809729,0.0,1,test
-0.1694800537392063,1.3364926532247623,1.0,-1,test
0.6751487629916847,1.9106036178294563,0.0,1,test
0.6171404325067894,0.2389929941884142,0.0,1,test
0.0553887704325061,0.4030781672614979,0.0,1,test
-1.3173003728703745,-1.1548637823252417,0.0,1,test
-0.9261804508391612,1.0623000691625166,1.0,-1,test
-0.0661549933561019,-0.0071559622480817,0.0,1,test
2.175511693958631,-0.766800494957123,1.0,-1,test
-0.8653113069591423,0.1642646691261539,1.0,-1,test
0.909635799407159,0.0720152155937789,0.0,1,test
-0.9430238289320888,-0.0092700370813377,0.0,1,test
1.2462598953888566,0.2611848288718024,0.0,1,test
1.4014791759187235,-1.3917075534508192,1.0,-1,test
0.0641487738436788,0.1449922019324199,0.0,1,test
0.1045092152880177,1.3097328729982207,0.0,1,test
0.2420344946773069,-0.2260814573083918,1.0,-1,test
0.853560136768036,-0.2947867689698415,1.0,-1,test
-1.217293654103744,1.1945694434593876,1.0,-1,test
-1.4297072826671482,1.19793601144424,1.0,-1,test
0.2466799966385211,-1.5723763042011862,1.0,-1,test
1.422126527678093,0.5257441779805954,0.0,1,test
-1.1876020987635252,-0.2168303354213834,0.0,1,test
0.0015362067105452,0.1096949780287539,0.0,1,test
-0.0513231504350725,-2.138855582051697,0.0,1,test
-0.089112796950738,0.3382050824407175,1.0,-1,test
0.1415547018091147,-0.3774672965642844,1.0,-1,test
0.0855421106098873,0.2792378361989365,0.0,1,test
0.9193184613140132,1.1182402750746503,0.0,1,test
-0.0555079195363466,1.4694692118373716,1.0,-1,test
0.6085237296663084,1.000051334629534,0.0,1,test
-0.6420154866477361,1.033629109449183,1.0,-1,test
-0.3390357957944052,0.1478212768043346,1.0,-1,test
-0.8314415208163608,1.0585937046632836,1.0,-1,test
2.1350502665831983,-0.1651930929742198,1.0,-1,test
0.6589966170120374,0.0477598161900661,0.0,1,test
-0.3955648592451699,1.13295689254122,1.0,-1,test
0.4067026016998777,-1.2672096502441657,0.0,-1,test
0.0786944163868124,-0.1122965830952978,1.0,-1,test
0.2057412379023503,0.0540962688369391,0.0,1,test
-0.0526692103097254,-0.0428034271961183,0.0,1,test
-0.7329864432825568,1.2027821521590587,1.0,-1,test
1.0289082906571174,-0.5121474502342878,1.0,-1,test
0.2449146258026663,0.2773684475939433,0.0,1,test
0.9248136807359952,-2.724200942261896,1.0,-1,test
-0.30894809271422,-0.7888843343620574,1.0,1,test
0.8158447097583195,-0.2094515102423891,1.0,-1,test
-0.7704714207879714,0.1571638453800487,1.0,-1,test
-0.0172708003876624,-2.0900858282617927,0.0,1,test
-0.6726309237165429,-1.345699859673943,0.0,1,test
-0.8305054258408271,0.6344851162859197,1.0,-1,test
0.4421232931214943,0.2643074594721852,0.0,1,test
-0.1581332396783355,0.0667252350910705,1.0,-1,test
0.5811843536949932,-1.1724186561446677,1.0,-1,test
0.2740259891481506,0.8614901283779429,0.0,1,test
-0.9127262749088146,-0.2734802812092093,0.0,1,test
-0.7050638472855121,-0.0342353757192845,0.0,1,test
0.3157425669141529,1.8171642574814797,0.0,1,test
1.446529962280022,1.4952963007554374,0.0,1,test
0.1696697416410711,-0.7743104881263325,0.0,-1,test
-0.8203701978648656,0.7248056777089251,1.0,-1,test
-0.6241538569628264,-1.9752147962770072,0.0,1,test
-1.0577034753974264,0.8133033671255804,1.0,-1,test
-0.0209586219186979,-0.7739316413516746,0.0,1,test
1.3263902474386124,-0.402028529072813,1.0,-1,test
0.5885960978293214,0.8678135102184584,1.0,1,test
1.4811565306678416,0.4678657991017599,0.0,1,test
1.928549916148829,-0.9470126887477084,1.0,-1,test
0.7650469419136146,0.2755065828432075,0.0,1,test
-1.469895427438462,1.9004327303333584,1.0,-1,test
-1.2322674551545514,-1.0945275955154012,0.0,1,test
-0.1392344196098018,-0.5037244141520235,1.0,1,test
1.1400254952064228,0.360158461908501,0.0,1,test
0.3235824243120636,0.3362930595244917,0.0,1,test
-0.8440534176130333,0.5805968293724172,1.0,-1,test
-0.7119542938693013,0.1708855392201827,1.0,-1,test
1.022503646369198,-0.463405930191629,1.0,-1,test
-0.9541353036509536,-0.3035192814374503,0.0,1,test
-0.0287341989930277,0.5449656312255601,1.0,-1,test
0.8503410713636448,1.2211876403009945,0.0,1,test
0.1096503253252021,0.6603183856335967,0.0,1,test
0.4213311675165617,0.0798020645655869,0.0,1,test
0.6745807100968544,-0.0002335838820013,1.0,-1,test
-0.47493112228013,-1.2419325194439648,0.0,1,test
-0.598515909445544,0.9099200873637714,0.0,-1,test
-0.0492045000467711,-0.7379121773741637,0.0,1,test
0.2008421698984511,-0.0503675290738303,1.0,-1,test
-0.20888747770434,0.6319219284415227,1.0,-1,test
-0.8368027241458513,1.4341318495176285,1.0,-1,test
0.3427943946265489,0.8955426785388947,0.0,1,test
0.910975804029704,1.275435777228907,0.0,1,test
1.480211766008442,1.0440926466491922,1.0,1,test
0.6543435422000209,0.49338341794361,0.0,1,test
0.7317312737752371,-0.4964471015876737,1.0,-1,test
0.1551079651591456,0.8216090011218407,0.0,1,test
-0.7276658628620623,1.1939395673464328,1.0,-1,test
-0.0920981250713745,-1.7717551860188054,0.0,1,test
-0.6789756868858865,-1.068723817854037,0.0,1,test
-2.021192558369687,-0.196007827725434,0.0,1,test
-0.2442865058533865,-1.41189247058743,0.0,1,test
-0.3122162883860017,-1.3416939984074734,0.0,1,test
-0.9535918665184152,0.5638155962216,1.0,-1,test
0.3677336781910327,-0.9439330102770068,1.0,-1,test
0.1325099891694928,1.1096205167351023,0.0,1,test
0.0530130994030396,-1.035503016258855,1.0,-1,test
-0.3726754368253939,0.9216752823393488,1.0,-1,test
-2.5981704357856867,-0.1065698597913238,0.0,1,test
1.671657974633148,0.2774989814622106,0.0,1,test
-2.696698586564823,2.40112266594968,1.0,-1,test
-0.115750686570093,0.960206208567497,1.0,-1,test
-0.0272605923431665,-1.301410358508143,0.0,1,test
1.1979918614550678,-0.0462176342032261,1.0,-1,test
0.4918397879502105,0.4028441774368071,0.0,1,test
0.730866916140343,-0.2001828202368221,1.0,-1,test
0.6623444978181539,1.4751186151637077,0.0,1,test
-0.6439250077037899,-0.6285518999363685,0.0,1,test
0.343447066551486,0.2765338622610557,0.0,1,test
0.8403643282125904,1.6035279297676606,0.0,1,test
-0.0912159134534974,1.0122160484048277,1.0,-1,test
-2.298914925274272,-1.1970164301994282,0.0,1,test
0.0485470260603106,1.584976117367688,0.0,1,test
-3.005818047642164,0.7879918786008231,1.0,-1,test
0.7952659562250468,-1.6746586240363075,1.0,-1,test
-0.6696206233898833,0.832688680760374,1.0,-1,test
-2.214618836255519,0.2377372540475332,1.0,-1,test
0.3642496166261335,-2.7967573509732757,1.0,-1,test
2.518892617573046,0.9382179299419086,0.0,1,test
-0.7287150390219843,-0.7032385328271492,0.0,1,test
-1.8706008386277448,-0.3532942395612533,0.0,1,test
0.5991216459592822,-2.195728620376069,1.0,-1,test
1.4211706025998792,0.2217129643972662,0.0,1,test
0.1782486527138831,-1.1660930280764048,1.0,-1,test
1.1635140626601783,-1.3589883061613504,1.0,-1,test
-0.2746824156377391,-0.640698873381406,0.0,1,test
-0.8016387800045779,0.4762029955923186,1.0,-1,test
-0.500976083761029,-0.1025808789187369,0.0,1,test
-0.1332797230143772,0.2509135919692674,1.0,-1,test
0.9030602753950944,0.0539706529406584,0.0,1,test
0.5676917330841493,1.4603110581865342,0.0,1,test
-0.7320308885288768,0.5430711470186984,1.0,-1,test
1.33224413000334,0.8117196295614147,0.0,1,test
-0.6331214595157485,-0.0215711061716091,0.0,1,test
1.578243127468686,1.4669143176475146,0.0,1,test
-1.2299377020749174,0.2169995845405086,1.0,-1,test
-0.5360272609852843,-1.0684204247728093,0.0,1,test
0.1267780411076464,-0.1323880290649521,1.0,-1,test
0.1299792331739863,-1.073818187007627,1.0,-1,test
-1.4048833139714954,-2.07298774880797,0.0,1,test
-0.8905218510848621,1.0807401371778276,1.0,-1,test
-1.431403684340066,-0.4265171117061606,0.0,1,test
0.4441766499515815,1.1414384027523865,0.0,1,test
0.0967900640807117,-0.6753935621872066,1.0,-1,test
-0.013852086049541,0.4963578359223226,1.0,-1,test
0.5090704676568514,-0.6774954222945807,1.0,-1,test
0.5446453547164333,-0.3563417669325467,1.0,-1,test
-0.3242245372261126,-0.3721426447490884,0.0,1,test
-1.506240592218094,0.1680337191864589,1.0,-1,test
0.786642049284257,-0.1476442416735488,1.0,-1,test
-1.0788166252698592,-0.1116939004760382,0.0,1,test
0.1324505146716955,-2.0574380074020686,1.0,-1,test
1.047241764705695,0.5047987932774382,0.0,1,test
-0.6903613373338512,-1.0217562961951765,0.0,1,test
0.5972044495060187,-1.8251794380107655,1.0,-1,test
0.3941249566531469,-0.0697938534209148,1.0,-1,test
1.5409459553817193,1.0939363654867365,0.0,1,test
1.1685491562501429,0.690533230205985,0.0,1,test
0.4926197371446286,0.6148306565775665,0.0,1,test
-0.1729394782385865,-1.619513873270295,0.0,1,test
0.1542301330898828,-2.1324004126766503,1.0,-1,test
0.9358132758684856,-0.3779996370566355,1.0,-1,test
-2.419227004408152,0.639885816799772,1.0,-1,test
1.3651443418362783,-1.7043471918881894,1.0,-1,test
0.0601847507983094,0.1982344731787455,0.0,1,test
-0.9712946299070304,-1.5387019602195715,0.0,1,test
0.6310959884603257,-1.444980265516102,1.0,-1,test
-1.058472049288139,0.3731180307277245,1.0,-1,test
-0.014765758988194,0.1729837131019401,1.0,-1,test
-1.623832328440889,-0.5995616407411954,0.0,1,test
-0.9172263826477752,0.7638044275717275,1.0,-1,test
0.0698254823149453,1.2366082768441795,0.0,1,test
-0.9641295718541514,-0.4365498479790385,0.0,1,test
0.9026424881453408,1.2823746073622977,0.0,1,test
-1.5128230849773552,1.4466759085499297,1.0,-1,test
-0.7495456481468147,-0.7730830995971042,0.0,1,test
0.1951548104740293,-0.2720612600537235,1.0,-1,test
-1.0213322983643176,0.9527880661911396,1.0,-1,test
0.7239241319189671,1.996962730180492,0.0,1,test
-0.4526873116124945,-1.372646651697852,0.0,1,test
-0.6458004755095734,0.6663213787271715,1.0,-1,test
-0.4453378889581974,-1.5475254083572365,0.0,1,test
0.8392111886771313,0.1412571179532048,1.0,1,test
0.7557555776617777,-0.5697176267360677,1.0,-1,test
1.4962737175952363,0.5389164709086248,0.0,1,test
-1.1453085018792468,0.1085523556964979,1.0,-1,test
-1.758548076109935,1.617528731673498,1.0,-1,test
-1.0651061028073827,1.157955213904607,1.0,-1,test
-0.2135315824174685,-2.4121514246728384,0.0,1,test
1.823564591915817,-1.8026001833531464,0.0,-1,test
0.6564752512588923,-0.964883721917885,1.0,-1,test
-0.3908846194417654,2.425773351992599,1.0,-1,test
0.7378718571084418,-1.8117412470276573,1.0,-1,test
0.5526330219477159,0.0410797173604859,0.0,1,test
1.5177350866385473,-0.4686426719351841,1.0,-1,test
-1.5733611868194084,0.391777785898304,1.0,-1,test
-1.6422049508005891,-1.4802652149549385,0.0,1,test
0.317952134779569,0.5409678582416979,0.0,1,test
0.4712087107685683,1.0876411811325584,0.0,1,test
-0.1726462608517598,1.0263277610926282,1.0,-1,test
0.9912101362970874,0.4981921937155384,0.0,1,test
-0.4279066116499973,-0.4585649181090876,0.0,1,test
0.6463403252735581,1.2136343995869656,0.0,1,test
1.8049912105399115,-0.0335695918774,1.0,-1,test
0.2205945612987736,0.2733976296503012,0.0,1,test
-0.0182456797619237,-0.3081915088002103,0.0,1,test
0.656883094906843,-0.07910529405263,1.0,-1,test
0.3411002609543341,0.782869448552937,0.0,1,test
-0.0919329218863743,-1.0849197721816353,0.0,1,test
-0.3533495927274206,0.5494348397009429,1.0,-1,test
0.5599842401435046,-0.1830698300417971,1.0,-1,test
0.9323105168733624,0.5847194893038578,0.0,1,test
-0.0999082572024459,1.2815829180827314,1.0,-1,test
0.2237212501284919,1.883348187472225,0.0,1,test
-0.797845760316302,1.24933857345345,1.0,-1,test
-0.2081626923958796,-0.0035057670775413,0.0,1,test
1.0155766643272803,0.2999630876398177,0.0,1,test
-0.7667414373232205,0.5015012502204029,1.0,-1,test
-0.5289266013025672,-0.2084604743847723,0.0,1,test
1.2686740439074695,1.4994729752271712,0.0,1,test
0.961563009664492,0.6695308281239579,0.0,1,test
0.4179932730139288,-0.1490676617387969,1.0,-1,test
0.0943323327811171,-0.4876501291777799,1.0,-1,test
-0.884713692159256,0.1385642508828593,1.0,-1,test
-0.8696801613094042,-0.4669078611912549,0.0,1,test
0.8637797567106124,0.1977594518611931,0.0,1,test
-0.0265599899164771,0.6237748885420592,1.0,-1,test
-2.268922512861015,-0.6631692500266168,0.0,1,test
-0.73935298291988,-0.6493400964483258,0.0,1,test
-0.062743258487227,0.1195284913684572,1.0,-1,test
-0.1179562051334115,0.1821432847505214,1.0,-1,test
-1.2921347688490357,0.5642093326887067,1.0,-1,test
0.6331724467923939,-0.9055902431631728,1.0,-1,test
0.5295389941426529,0.0675342722159723,0.0,1,test
-1.177325710565014,-1.199666850688692,0.0,1,test
0.2612670392907809,1.1415067602754048,0.0,1,test
0.9701222793089967,1.0836819557606503,0.0,1,test
-1.1799909809518268,-0.1331327551988756,0.0,1,test
0.6477271107149427,0.8428470365596228,0.0,1,test
-1.480222902961882,1.3432246809830397,1.0,-1,test
0.2110939737334999,0.444961225733902,0.0,1,test
-0.0204563006970374,-0.2554087254871785,0.0,1,test
-0.5083171616216086,-0.313428787987295,0.0,1,test
-0.5660488651685904,3.405747106649745,1.0,-1,test
-0.2161974126801254,0.9703032987004628,1.0,-1,test
0.290136773488407,-1.796315975518788,1.0,-1,test
1.2480658017959805,-0.6338316681307238,1.0,-1,test
-0.433425019492692,-0.4747395800525139,0.0,1,test
-0.9849097216256328,-0.0455074530605985,0.0,1,test
-1.468761251630086,0.2862800472792462,1.0,-1,test
-0.9683570840201212,-0.750102947042915,0.0,1,test
-0.9166079102686936,0.6679626554987496,1.0,-1,test
-0.0997262391781255,0.4813346285426974,1.0,-1,test
0.2566344861204901,1.6715702149263738,0.0,1,test
-1.049431916918199,-1.1485730417059206,0.0,1,test
-0.2105812092970004,-1.21703900836578,0.0,1,test
-0.8413239240189486,-0.7107361548002157,0.0,1,test
0.9977590683887798,0.1287142671323202,0.0,1,test
-0.0056630762170774,-1.4115901864796578,0.0,1,test
0.3703499653062068,0.3942087021333258,0.0,1,test
-0.4224125689916992,0.2316362036188159,0.0,-1,test
-1.3808159743637376,1.2760414412110783,1.0,-1,test
-1.5074600282615354,0.9668732789433716,0.0,-1,test
0.0349490496702901,-0.6278923885819209,1.0,-1,test
-0.4753960544962265,-0.0989479945558662,0.0,1,test
0.193897134055459,-1.0802617544615107,1.0,-1,test
-0.1915647804283066,1.1414090078614572,1.0,-1,test
1.1915025256792249,-0.0218163957237824,1.0,-1,test
-0.4764031534525103,0.5961869224255104,1.0,-1,test
0.4163258883260533,0.4645004883210027,0.0,1,test
1.5101912453716708,-0.2080456650978491,1.0,-1,test
0.4001381384713636,-1.6196750322461335,1.0,-1,test
0.1447119660739988,-0.3254400757207204,1.0,-1,test
-0.6076196458571808,-0.1768517071999347,0.0,1,test
0.9994845775619712,1.9702397891124888,0.0,1,test
2.0891098603852933,0.396367429947356,0.0,1,test
0.2229916863277523,-0.6085917589941879,1.0,-1,test
-0.1360954260114538,-0.6387735838761528,1.0,1,test
0.7678473533554478,-0.526472459846866,0.0,-1,test
0.0747334006267975,0.5577552828342923,0.0,1,test
1.2862766521570113,0.3520527474262251,0.0,1,test
0.5018280638606841,-0.0644100474397023,1.0,-1,test
-0.540521461497346,-1.984597850745623,0.0,1,test
-1.9551303615561024,-1.69629539464608,1.0,1,test
0.2953328474809943,0.8834059206722569,0.0,1,test
0.8051491121991821,0.2573943456979785,0.0,1,test
0.571813808460201,-1.1787178772833042,1.0,-1,test
1.3358480629773652,0.7782751375670011,0.0,1,test
0.5386617999836898,0.0398105591392126,0.0,1,test
0.0445929849562388,0.824996692728884,0.0,1,test
0.27576771087277,0.4857424066887047,0.0,1,test
-0.4335526262314881,-0.3461334091778592,0.0,1,test
0.7315459449052186,-1.3058114545948645,1.0,-1,test
1.9572306698537536,-0.6110825137465056,1.0,-1,test
1.3677075338149889,1.5100838040544338,0.0,1,test
0.8986503832846969,-1.1742235598430817,1.0,-1,test
-0.1102091775996128,0.8114461734458921,1.0,-1,test
1.1538655833328109,-2.387548908251107,1.0,-1,test
1.0592133561033557,1.6396057399451798,1.0,1,test
0.2070939670239709,0.6059624867332447,0.0,1,test
1.1774475983060269,1.3446731612287226,0.0,1,test
1.30058717954197,3.001649720785976,0.0,1,test
0.5350211230763464,-0.5189649601343294,1.0,-1,test
1.6731704484433538,0.4304801751235192,0.0,1,test
-0.9190626489440772,-1.7298629904122502,0.0,1,test
0.8227573133163627,-0.2559248903951458,1.0,-1,test
0.8464703795126101,1.3003290330453687,0.0,1,test
1.2100489796456215,-1.3155837323313249,1.0,-1,test
-0.0767954365047455,0.4436357690845511,1.0,-1,test
1.9466857643329092,2.521163603452969,0.0,1,test
-0.1656461043016262,1.0502375329095786,1.0,-1,test
-0.7547549841943256,0.4486000218971079,1.0,-1,test
0.5635068424628398,0.5162281261036826,0.0,1,test
-0.4520437912464577,-0.9352666330464328,0.0,1,test
1.629268078251367,-0.9591327557723592,0.0,-1,test
-0.3333436834116049,1.1702723134611357,1.0,-1,test
1.212820032741831,0.723273831680382,0.0,1,test
-1.342215655521871,0.0951612474224813,1.0,-1,test
0.98630471780333,-0.8839279159878637,1.0,-1,test
1.0108916851104492,0.1384566568269526,0.0,1,test
-0.4393078501220471,1.178190479074712,1.0,-1,test
0.2288739869907066,0.3174729375001808,0.0,1,test
0.4060391760821132,1.1607930690281645,0.0,1,test
0.0326243122429764,-0.346771716503896,1.0,-1,test
1.1613723100103337,1.063532712787871,0.0,1,test
-0.099789891831657,-0.8245393313138836,0.0,1,test
0.0153198414316018,1.3821498571354882,0.0,1,test
-0.6549449126991602,-0.9816520812055044,0.0,1,test
-2.405127918018306,-0.5111462995016025,0.0,1,test
0.2192101605091962,0.587872821960494,0.0,1,test
-1.065602659010661,0.0384189867062244,1.0,-1,test
-0.1785487601648757,-0.6218340645351419,0.0,1,test
0.5794322753073947,0.357533110891068,0.0,1,test
-0.6061479088505708,-1.1834201735315448,0.0,1,test
0.7037835190126341,-0.115973434424747,1.0,-1,test
-0.249045841380587,0.0394342623414553,1.0,-1,test
-0.8009887376048745,-0.1649607577187189,0.0,1,test
0.5261438049096208,-0.1150259423186136,1.0,-1,test
-0.7797267185595819,0.6099815623519844,1.0,-1,test
0.4974317232259476,1.74939897420522,0.0,1,test
-0.2635779688797388,1.1611764119076375,1.0,-1,test
0.7133570416826652,-1.5338853075970418,1.0,-1,test
-0.4113244199998142,0.1914029939097948,1.0,-1,test
0.007458499176675,0.7084884027989837,0.0,1,test
-1.4807905833073152,1.1821195666987148,1.0,-1,test
0.2458357322828642,-1.372675714335692,1.0,-1,test
0.6590524784555895,-1.3800889027301604,1.0,-1,test
0.1933631060100284,-0.0140390732619608,1.0,-1,test
1.6794092208155291,-2.043606419404824,1.0,-1,test
-0.5606189260021953,0.4759645774739413,1.0,-1,test
0.836298873581682,-1.8189549501881093,1.0,-1,test
-0.8084873755468583,-0.5399430605810966,0.0,1,test
0.9762258974776816,1.9435743538497776,0.0,1,test
0.562078764319537,-0.0612060508588845,1.0,-1,test
0.1844985770294813,-0.6665918078099987,0.0,-1,test
0.933576987695006,-0.2721519558768482,1.0,-1,test
1.940616914529236,-2.2605325019625453,1.0,-1,test
-1.3731437845097352,1.6922056388691396,1.0,-1,test
-1.4079467399429948,0.1380992032551324,1.0,-1,test
-2.4351387043900563,1.1089111116709731,1.0,-1,test
2.459679117526646,-0.5726175359386935,1.0,-1,test
-1.0984098532974342,0.7056677394130887,1.0,-1,test
3.4328098318703293,-0.0319271030595407,1.0,-1,test
-0.0322499557127925,0.9935446816482996,1.0,-1,test
-0.3751863938802453,-0.6299017029664594,0.0,1,test
-0.5911064639811177,0.6059819960651147,1.0,-1,test
0.0095846885101422,-1.1042367467888363,1.0,-1,test
2.0967403003085856,1.8654040717121256,0.0,1,test
0.421046512065846,-0.3861730632921093,0.0,-1,test
-0.5492095985559745,-1.3537642629372706,0.0,1,test
-1.52741398130117,-1.1358350716365728,0.0,1,test
-0.6933701434568953,0.9480238629718024,1.0,-1,test
-1.2794351216398154,0.9075022370710902,1.0,-1,test
-1.830545183462936,1.0263864418135118,1.0,-1,test
-1.530692447956488,2.044294817948398,1.0,-1,test
1.4708538942924203,0.4367768367201333,0.0,1,test
1.3157125030453458,0.7435718481430593,0.0,1,test
0.6211913907304272,1.68760411812009,0.0,1,test
-0.4613438536472212,0.0530945252734197,1.0,-1,test
1.1722432375424516,0.5250852412145769,0.0,1,test
-0.5452993993246328,-1.4157275749485474,0.0,1,test
-0.3048353982216837,1.1485379636426192,1.0,-1,test
-0.0158556263712282,1.1755349907574115,1.0,-1,test
-0.1137751588459986,-0.7361363971539419,0.0,1,test
-0.3434431863014588,-1.1121121507550848,1.0,1,test
0.9190534499376332,-0.2983383873885857,1.0,-1,test
-0.8525907953224419,-0.6950467588682592,0.0,1,test
0.7133483152897558,0.5390224831351585,0.0,1,test
0.6533146715105228,-1.0336536432200771,1.0,-1,test
-1.396618986861123,-1.5180262777550415,0.0,1,test
-0.3428551762787954,-0.3244963120444081,0.0,1,test
1.0443504944910664,-0.3652247101063814,1.0,-1,test
-0.5188891359625729,0.92494916450081,1.0,-1,test
-2.123743748376752,-1.031906230918933,0.0,1,test
-0.964955798002686,0.552773676015448,1.0,-1,test
0.8172406576817598,0.7638828178462076,0.0,1,test
-0.8767987844673203,0.7668358615288358,1.0,-1,test
0.633778503072935,0.981384663203868,0.0,1,test
0.6842062307532544,-0.6433784216639664,1.0,-1,test
-0.133696359970103,-0.8458020033543182,0.0,1,test
0.3381134088380773,0.3036247097882132,0.0,1,test
-0.771984499741365,1.392851905584975,1.0,-1,test
-1.1605593413805555,-0.1827472282480061,0.0,1,test
-1.1739172861837786,-0.7496291548744016,0.0,1,test
-0.0568354780070626,1.0950141819631738,1.0,-1,test
1.6719521794270256,0.7368922004049613,0.0,1,test
-1.0924013750131938,-0.6697128417102564,0.0,1,test
0.340064605754345,-0.8215067024463152,1.0,-1,test
0.5318893135870264,-0.628174095718864,1.0,-1,test
-1.3516395474479015,0.0444613201918298,1.0,-1,test
1.220538152221868,-0.2517118693522369,1.0,-1,test
0.3307948333994547,-2.156546677858832,1.0,-1,test
1.1523402305708987,0.3826286142257358,0.0,1,test
0.0697091436580764,0.5392038158049868,0.0,1,test
1.2694121435028365,1.265730964137971,0.0,1,test
0.4648095603528839,-0.9845790705920971,1.0,-1,test
-0.9251253748398428,0.5495941003012847,1.0,-1,test
0.1248970460365441,0.3118647034155246,0.0,1,test
0.7988538557031385,0.6524610482804254,0.0,1,test
-0.5168735518363653,-0.4177596920228729,0.0,1,test
-0.2485771391588118,-0.4652911175350119,0.0,1,test
-0.3467276549168813,-0.3319610236413485,0.0,1,test
-1.952592293048026,1.0972402001028168,1.0,-1,test
-1.489940285319861,0.2840994817009215,1.0,-1,test
-0.0740683843310341,-0.020477270205488,0.0,1,test
1.2471438177845038,1.0408387357643083,0.0,1,test
0.4128197442454645,-0.075125297192595,1.0,-1,test
-0.7254428684159021,1.4889355737634618,1.0,-1,test
-1.2068943202552027,-0.0046532974833924,0.0,1,test
-0.3743361239958793,0.0726334694421555,0.0,-1,test
-0.6185317392659282,1.3723855594567191,1.0,-1,test
-1.0294212664957014,1.211031546470241,1.0,-1,test
-0.074659720352049,0.3284918806287371,1.0,-1,test
-0.2366046608646168,0.0056884457930031,1.0,-1,test
1.098762580503283,0.4414779743596356,0.0,1,test
1.6004696712248268,-1.2405415590110296,1.0,-1,test
-0.7441477027223705,-1.3909951638519922,0.0,1,test
0.0995000891265738,-1.4559772564918054,1.0,-1,test
-0.8675718752194485,-1.3697859085707942,0.0,1,test
-1.5614635926551508,-0.1060774472945469,0.0,1,test
0.2826240424547735,-0.3199697608916434,1.0,-1,test
0.229953940097053,-0.6104219141552556,1.0,-1,test
-0.9359448087035684,-1.0551628560292858,0.0,1,test
1.7052181822024444,-0.421244507708571,1.0,-1,test
0.8472812296757917,-2.4149854642652766,1.0,-1,test
1.820133202802463,0.0540462850608464,1.0,1,test
-0.6684953954712536,-0.3133530564092265,0.0,1,test
0.7098823411506864,-0.1204869420835438,1.0,-1,test
0.7174254880374727,-0.3174484710971584,1.0,-1,test
0.2153244752618631,-0.8296881423981661,1.0,-1,test
-0.1438182104046181,0.3577507958988343,1.0,-1,test
-0.620404894735415,-0.2409610611165726,0.0,1,test
-0.3215911608219358,-0.2215568264348677,0.0,1,test
-1.3314254192340564,-0.6433857108336801,0.0,1,test
-0.4119789552349375,0.5261194815252797,1.0,-1,test
-0.1305890461715128,2.0772771710462528,1.0,-1,test
1.095082442475863,-1.0648456305723812,1.0,-1,test
